Time [s],Value,Parity Error,Framing Error
5.2334050000,0x98,,Error
5.2351750000,0x16,,
5.2363200000,0xF2,,
5.2374650000,0x16,,
5.2386100000,0xC6,,
5.2397550000,0x16,,
5.2409000000,0xE6,,
5.2420400000,0x16,,
5.2431850000,0xFA,,Error
5.2443300000,0xB2,,Error
5.2454750000,0x76,,Error
5.2466200000,0x76,,Error
5.2477650000,0x32,,
5.2489100000,0x2A,,
5.2500550000,0x1A,,
5.2512000000,0x32,,
5.2523450000,0x2A,,
5.2534900000,0x1A,,
5.2546350000,0x3A,,
5.2557800000,0x3A,,
5.2569250000,0x16,,
5.2580700000,0x9E,,
5.2592150000,0x16,,
5.2603600000,0xE2,,Error
5.2615050000,0x06,,
5.2626500000,0x00,,Error
5.3040700000,0x98,,Error
5.3058400000,0x16,,
5.3069850000,0xF2,,
5.3081300000,0x16,,
5.3092750000,0xCA,,
5.3104200000,0x16,,
5.3115650000,0xE6,,
5.3127100000,0x16,,
5.3138550000,0xB2,,Error
5.3150000000,0xAE,,Error
5.3161400000,0x9E,,
5.3172850000,0xFE,,
5.3184300000,0xFE,,
5.3195750000,0x32,,
5.3207200000,0x2A,,
5.3218650000,0x1A,,
5.3230100000,0x32,,
5.3241550000,0x2A,,
5.3253000000,0x1A,,
5.3264450000,0x16,,
5.3275900000,0xA6,,
5.3287350000,0x16,,
5.3298800000,0xE2,,Error
5.3310250000,0x06,,
5.3321700000,0x00,,Error
6.4594250000,0x98,,Error
6.4611950000,0x16,,
6.4623350000,0xF2,,
6.4634800000,0x16,,
6.4646250000,0xCA,,
6.4657700000,0x16,,
6.4669150000,0xE6,,
6.4680600000,0x16,,
6.4692050000,0xB2,,Error
6.4703500000,0xAE,,Error
6.4714950000,0x9E,,
6.4726400000,0xFE,,
6.4737850000,0xFE,,
6.4749300000,0x32,,
6.4760750000,0x2A,,
6.4772200000,0x1A,,
6.4783650000,0x32,,
6.4795100000,0x2A,,
6.4806550000,0x1A,,
6.4818000000,0x16,,
6.4829450000,0xA6,,
6.4840900000,0x16,,
6.4852350000,0xE2,,Error
6.4863800000,0x06,,
6.4875250000,0x00,,Error
7.4739200000,0x98,,Error
7.4756900000,0x16,,
7.4768350000,0xF2,,
7.4779800000,0x16,,
7.4791250000,0xCA,,
7.4802700000,0x16,,
7.4814150000,0xE6,,
7.4825600000,0x16,,
7.4837050000,0xB2,,Error
7.4848500000,0xAE,,Error
7.4859950000,0x9E,,
7.4871400000,0xFE,,
7.4882850000,0xFE,,
7.4894250000,0x32,,
7.4905700000,0x2A,,
7.4917150000,0x1A,,
7.4928600000,0x32,,
7.4940050000,0x2A,,
7.4951500000,0x1A,,
7.4962950000,0x16,,
7.4974400000,0xA6,,
7.4985850000,0x16,,
7.4997300000,0xE2,,Error
7.5008750000,0x06,,
7.5020200000,0x00,,Error
8.4884250000,0x98,,Error
8.4901900000,0x16,,
8.4913350000,0xF2,,
8.4924800000,0x16,,
8.4936250000,0xCA,,
8.4947700000,0x16,,
8.4959150000,0xE6,,
8.4970600000,0x16,,
8.4982050000,0xB2,,Error
8.4993500000,0xAE,,Error
8.5004950000,0x9E,,
8.5016400000,0xFE,,
8.5027850000,0xFE,,
8.5039300000,0x32,,
8.5050750000,0x2A,,
8.5062200000,0x1A,,
8.5073650000,0x32,,
8.5085100000,0x2A,,
8.5096500000,0x1A,,
8.5107950000,0x16,,
8.5119400000,0xA6,,
8.5130850000,0x16,,
8.5142300000,0xE2,,Error
8.5153750000,0x06,,
8.5165200000,0x00,,Error
9.4828150000,0x98,,Error
9.4845850000,0x16,,
9.4857300000,0xF2,,
9.4868750000,0x16,,
9.4880200000,0xCA,,
9.4891600000,0x16,,
9.4903050000,0xE6,,
9.4914500000,0x16,,
9.4925950000,0xB2,,Error
9.4937400000,0xAE,,Error
9.4948850000,0x9E,,
9.4960300000,0xFE,,
9.4971750000,0xFE,,
9.4983200000,0x32,,
9.4994650000,0x2A,,
9.5006100000,0x1A,,
9.5017550000,0x32,,
9.5029000000,0x2A,,
9.5040450000,0x1A,,
9.5051900000,0x16,,
9.5063350000,0xA6,,
9.5074800000,0x16,,
9.5086250000,0xE2,,Error
9.5097700000,0x06,,
9.5109100000,0x00,,Error
10.4973200000,0x98,,Error
10.4990900000,0x16,,
10.5002350000,0xF2,,
10.5013800000,0x16,,
10.5025250000,0xCA,,
10.5036700000,0x16,,
10.5048150000,0xE6,,
10.5059600000,0x16,,
10.5071050000,0xB2,,Error
10.5082500000,0xAE,,Error
10.5093950000,0x9E,,
10.5105400000,0xFE,,
10.5116850000,0xFE,,
10.5128250000,0x32,,
10.5139700000,0x2A,,
10.5151150000,0x1A,,
10.5162600000,0x32,,
10.5174050000,0x2A,,
10.5185500000,0x1A,,
10.5196950000,0x16,,
10.5208400000,0xA6,,
10.5219850000,0x16,,
10.5231300000,0xE2,,Error
10.5242750000,0x06,,
10.5254200000,0x00,,Error
11.5118100000,0x98,,Error
11.5135800000,0x16,,
11.5147200000,0xF2,,
11.5158650000,0x16,,
11.5170100000,0xCA,,
11.5181550000,0x16,,
11.5193000000,0xE6,,
11.5204450000,0x16,,
11.5215900000,0xB2,,Error
11.5227350000,0xAE,,Error
11.5238800000,0x9E,,
11.5250250000,0xFE,,
11.5261700000,0xFE,,
11.5273150000,0x32,,
11.5284600000,0x2A,,
11.5296050000,0x1A,,
11.5307500000,0x32,,
11.5318950000,0x2A,,
11.5330400000,0x1A,,
11.5341850000,0x16,,
11.5353300000,0xA6,,
11.5364750000,0x16,,
11.5376150000,0xE2,,Error
11.5387600000,0x06,,
11.5399050000,0x00,,Error
12.1845500000,0x98,,Error
12.1863200000,0x16,,
12.1874650000,0xF2,,
12.1886100000,0x16,,
12.1897550000,0xC6,,
12.1909000000,0x16,,
12.1920450000,0xE6,,
12.1931900000,0x16,,
12.1943350000,0xFA,,Error
12.1954800000,0xB2,,Error
12.1966250000,0x76,,Error
12.1977700000,0x76,,Error
12.1989150000,0x32,,
12.2000600000,0x2A,,
12.2012050000,0x1A,,
12.2023450000,0x32,,
12.2034900000,0x2A,,
12.2046350000,0x1A,,
12.2057800000,0x3A,,
12.2069250000,0x3A,,
12.2080700000,0x16,,
12.2092150000,0x9E,,
12.2103600000,0x16,,
12.2115050000,0xE2,,Error
12.2126500000,0x06,,
12.2137950000,0x00,,Error
12.2757200000,0x98,,Error
12.2774900000,0x16,,
12.2786350000,0xF2,,
12.2797800000,0x16,,
12.2809250000,0xE2,,
12.2820700000,0x16,,
12.2832150000,0xE6,,
12.2843600000,0x16,,
12.2855050000,0xBE,,Error
12.2866500000,0xBE,,Error
12.2877950000,0x3A,,
12.2889400000,0x1E,,
12.2900800000,0x3E,,
12.2912250000,0x16,,
12.2923700000,0x16,,
12.2935150000,0x16,,
12.2946600000,0xE2,,Error
12.2958050000,0x06,,
12.2969500000,0x00,,Error
12.5248800000,0x98,,Error
12.5266500000,0x16,,
12.5277950000,0xF2,,
12.5289400000,0x16,,
12.5300850000,0xC6,,
12.5312300000,0x16,,
12.5323750000,0xE6,,
12.5335200000,0x16,,
12.5346650000,0xFA,,Error
12.5358100000,0xB2,,Error
12.5369550000,0x76,,Error
12.5381000000,0x76,,Error
12.5392450000,0x3E,,
12.5403900000,0x3E,,
12.5415350000,0x2E,,
12.5426800000,0x32,,
12.5438250000,0x2A,,
12.5449650000,0x1A,,
12.5461100000,0x3A,,
12.5472550000,0x3A,,
12.5484000000,0x16,,
12.5495450000,0xB2,,
12.5506900000,0x16,,
12.5518350000,0xE2,,Error
12.5529800000,0x06,,
12.5541250000,0x00,,Error
12.7927750000,0x98,,Error
12.7945450000,0x16,,
12.7956900000,0xF2,,
12.7968350000,0x16,,
12.7979800000,0xC6,,
12.7991250000,0x16,,
12.8002700000,0xE6,,
12.8014150000,0x16,,
12.8025600000,0xFA,,Error
12.8037050000,0xB2,,Error
12.8048500000,0x76,,Error
12.8059950000,0x76,,Error
12.8071400000,0x3E,,
12.8082850000,0x3A,,
12.8094300000,0x3A,,
12.8105750000,0x32,,
12.8117200000,0x2A,,
12.8128650000,0x1A,,
12.8140100000,0x3A,,
12.8151550000,0x3A,,
12.8162950000,0x16,,
12.8174400000,0xA2,,
12.8185850000,0x16,,
12.8197300000,0xE2,,Error
12.8208750000,0x06,,
12.8220200000,0x00,,Error
13.0606700000,0x98,,Error
13.0624400000,0x16,,
13.0635850000,0xF2,,
13.0647300000,0x16,,
13.0658750000,0xC6,,
13.0670200000,0x16,,
13.0681650000,0xE6,,
13.0693100000,0x16,,
13.0704550000,0xFA,,Error
13.0716000000,0xB2,,Error
13.0727450000,0x76,,Error
13.0738900000,0x76,,Error
13.0750350000,0x3E,,
13.0761750000,0x3A,,
13.0773200000,0x1E,,
13.0784650000,0x32,,
13.0796100000,0x2A,,
13.0807550000,0x1A,,
13.0819000000,0x3A,,
13.0830450000,0x3A,,
13.0841900000,0x16,,
13.0853350000,0x86,,
13.0864800000,0x16,,
13.0876250000,0xE2,,Error
13.0887700000,0x06,,
13.0899150000,0x00,,Error
13.3285700000,0x98,,Error
13.3303350000,0x16,,
13.3314800000,0xF2,,
13.3326250000,0x16,,
13.3337700000,0xC6,,
13.3349150000,0x16,,
13.3360600000,0xE6,,
13.3372050000,0x16,,
13.3383500000,0xFA,,Error
13.3394950000,0xB2,,Error
13.3406400000,0x76,,Error
13.3417850000,0x76,,Error
13.3429300000,0x3E,,
13.3440750000,0x36,,
13.3452200000,0x26,,
13.3463650000,0x32,,
13.3475100000,0x2A,,
13.3486550000,0x1A,,
13.3498000000,0x3A,,
13.3509450000,0x3A,,
13.3520900000,0x16,,
13.3532350000,0xB2,,
13.3543800000,0x16,,
13.3555250000,0xE2,,Error
13.3566700000,0x06,,
13.3578150000,0x00,,Error
13.5861600000,0x98,,Error
13.5879300000,0x16,,
13.5890750000,0xF2,,
13.5902200000,0x16,,
13.5913650000,0xC6,,
13.5925100000,0x16,,
13.5936550000,0xE6,,
13.5948000000,0x16,,
13.5959450000,0xFA,,Error
13.5970900000,0xB2,,Error
13.5982350000,0x76,,Error
13.5993750000,0x76,,Error
13.6005200000,0x3E,,
13.6016650000,0x32,,
13.6028100000,0x32,,
13.6039550000,0x32,,
13.6051000000,0x2A,,
13.6062450000,0x1A,,
13.6073900000,0x3A,,
13.6085350000,0x3A,,
13.6096800000,0x16,,
13.6108250000,0xA2,,
13.6119700000,0x16,,
13.6131150000,0xE2,,Error
13.6142600000,0x06,,
13.6154050000,0x00,,Error
13.8539550000,0x98,,Error
13.8557250000,0x16,,
13.8568700000,0xF2,,
13.8580150000,0x16,,
13.8591600000,0xC6,,
13.8603050000,0x16,,
13.8614500000,0xE6,,
13.8625950000,0x16,,
13.8637400000,0xFA,,Error
13.8648850000,0xB2,,Error
13.8660300000,0x76,,Error
13.8671750000,0x76,,Error
13.8683200000,0x3E,,
13.8694650000,0x2E,,
13.8706100000,0x3E,,
13.8717500000,0x32,,
13.8728950000,0x2A,,
13.8740400000,0x1A,,
13.8751850000,0x3A,,
13.8763300000,0x3A,,
13.8774750000,0x16,,
13.8786200000,0xB2,,
13.8797650000,0x16,,
13.8809100000,0xE2,,Error
13.8820550000,0x06,,
13.8832000000,0x00,,Error
14.1219600000,0x98,,Error
14.1237300000,0x16,,
14.1248750000,0xF2,,
14.1260200000,0x16,,
14.1271650000,0xC6,,
14.1283100000,0x16,,
14.1294550000,0xE6,,
14.1306000000,0x16,,
14.1317450000,0xFA,,Error
14.1328900000,0xB2,,Error
14.1340350000,0x76,,Error
14.1351750000,0x76,,Error
14.1363200000,0x3E,,
14.1374650000,0x2E,,
14.1386100000,0x22,,
14.1397550000,0x32,,
14.1409000000,0x2A,,
14.1420450000,0x1A,,
14.1431900000,0x3A,,
14.1443350000,0x3A,,
14.1454800000,0x16,,
14.1466250000,0xAE,,
14.1477700000,0x16,,
14.1489150000,0xE2,,Error
14.1500600000,0x06,,
14.1512050000,0x00,,Error
14.3898600000,0x98,,Error
14.3916300000,0x16,,
14.3927750000,0xF2,,
14.3939200000,0x16,,
14.3950650000,0xC6,,
14.3962100000,0x16,,
14.3973550000,0xE6,,
14.3985000000,0x16,,
14.3996450000,0xFA,,Error
14.4007900000,0xB2,,Error
14.4019350000,0x76,,Error
14.4030800000,0x76,,Error
14.4042250000,0x3E,,
14.4053700000,0x2A,,
14.4065150000,0x2E,,
14.4076600000,0x32,,
14.4088050000,0x2A,,
14.4099500000,0x1A,,
14.4110950000,0x3A,,
14.4122400000,0x3A,,
14.4133800000,0x16,,
14.4145250000,0xA6,,
14.4156700000,0x16,,
14.4168150000,0xE2,,Error
14.4179600000,0x06,,
14.4191050000,0x00,,Error
14.6473500000,0x98,,Error
14.6491200000,0x16,,
14.6502650000,0xF2,,
14.6514100000,0x16,,
14.6525550000,0xC6,,
14.6537000000,0x16,,
14.6548450000,0xE6,,
14.6559900000,0x16,,
14.6571350000,0xFA,,Error
14.6582800000,0xB2,,Error
14.6594250000,0x76,,Error
14.6605700000,0x76,,Error
14.6617150000,0x3E,,
14.6628600000,0x26,,
14.6640050000,0x3A,,
14.6651500000,0x32,,
14.6662950000,0x2A,,
14.6674400000,0x1A,,
14.6685850000,0x3A,,
14.6697300000,0x3A,,
14.6708750000,0x16,,
14.6720150000,0xBE,,
14.6731600000,0x16,,
14.6743050000,0xE2,,Error
14.6754500000,0x06,,
14.6765950000,0x00,,Error
14.9152500000,0x98,,Error
14.9170200000,0x16,,
14.9181650000,0xF2,,
14.9193100000,0x16,,
14.9204550000,0xC6,,
14.9216000000,0x16,,
14.9227450000,0xE6,,
14.9238900000,0x16,,
14.9250350000,0xFA,,Error
14.9261800000,0xB2,,Error
14.9273250000,0x76,,Error
14.9284700000,0x76,,Error
14.9296150000,0x3E,,
14.9307600000,0x26,,
14.9319050000,0x1E,,
14.9330500000,0x32,,
14.9341950000,0x2A,,
14.9353400000,0x1A,,
14.9364850000,0x3A,,
14.9376300000,0x3A,,
14.9387750000,0x16,,
14.9399150000,0x9A,,
14.9410600000,0x16,,
14.9422050000,0xE2,,Error
14.9433500000,0x06,,
14.9444950000,0x00,,Error
15.1832550000,0x98,,Error
15.1850250000,0x16,,
15.1861650000,0xF2,,
15.1873100000,0x16,,
15.1884550000,0xC6,,
15.1896000000,0x16,,
15.1907450000,0xE6,,
15.1918900000,0x16,,
15.1930350000,0xFA,,Error
15.1941800000,0xB2,,Error
15.1953250000,0x76,,Error
15.1964700000,0x76,,Error
15.1976150000,0x3E,,
15.1987600000,0x22,,
15.1999050000,0x26,,
15.2010500000,0x32,,
15.2021950000,0x2A,,
15.2033400000,0x1A,,
15.2044850000,0x3A,,
15.2056300000,0x3A,,
15.2067750000,0x16,,
15.2079200000,0xA6,,
15.2090650000,0x16,,
15.2102100000,0xE2,,Error
15.2113500000,0x06,,
15.2124950000,0x00,,Error
15.4511500000,0x98,,Error
15.4529200000,0x16,,
15.4540650000,0xF2,,
15.4552100000,0x16,,
15.4563550000,0xC6,,
15.4575000000,0x16,,
15.4586450000,0xE6,,
15.4597900000,0x16,,
15.4609300000,0xFA,,Error
15.4620750000,0xB2,,Error
15.4632200000,0x76,,Error
15.4643650000,0x76,,Error
15.4655100000,0x3E,,
15.4666550000,0x1E,,
15.4678000000,0x32,,
15.4689450000,0x32,,
15.4700900000,0x2A,,
15.4712350000,0x1A,,
15.4723800000,0x3A,,
15.4735250000,0x3A,,
15.4746700000,0x16,,
15.4758150000,0x8E,,
15.4769600000,0x16,,
15.4781050000,0xE2,,Error
15.4792500000,0x06,,
15.4803950000,0x00,,Error
15.7190450000,0x98,,Error
15.7208150000,0x16,,
15.7219600000,0xF2,,
15.7231050000,0x16,,
15.7242500000,0xC6,,
15.7253950000,0x16,,
15.7265400000,0xE6,,
15.7276850000,0x16,,
15.7288300000,0xFA,,Error
15.7299750000,0xB2,,Error
15.7311200000,0x76,,Error
15.7322650000,0x76,,Error
15.7334100000,0x3E,,
15.7345550000,0x1A,,
15.7357000000,0x3E,,
15.7368450000,0x32,,
15.7379850000,0x2A,,
15.7391300000,0x1A,,
15.7402750000,0x3A,,
15.7414200000,0x3A,,
15.7425650000,0x16,,
15.7437100000,0x86,,
15.7448550000,0x16,,
15.7460000000,0xE2,,Error
15.7471450000,0x06,,
15.7482900000,0x00,,Error
15.9767400000,0x98,,Error
15.9785100000,0x16,,
15.9796550000,0xF2,,
15.9808000000,0x16,,
15.9819450000,0xC6,,
15.9830900000,0x16,,
15.9842350000,0xE6,,
15.9853800000,0x16,,
15.9865250000,0xFA,,Error
15.9876700000,0xB2,,Error
15.9888150000,0x76,,Error
15.9899600000,0x76,,Error
15.9911050000,0x3E,,
15.9922450000,0x1A,,
15.9933900000,0x22,,
15.9945350000,0x32,,
15.9956800000,0x2A,,
15.9968250000,0x1A,,
15.9979700000,0x3A,,
15.9991150000,0x3A,,
16.0002600000,0x16,,
16.0014050000,0x9A,,
16.0025500000,0x16,,
16.0036950000,0xE2,,Error
16.0048400000,0x06,,
16.0059850000,0x00,,Error
16.2446350000,0x98,,Error
16.2464050000,0x16,,
16.2475500000,0xF2,,
16.2486950000,0x16,,
16.2498400000,0xC6,,
16.2509850000,0x16,,
16.2521300000,0xE6,,
16.2532750000,0x16,,
16.2544200000,0xFA,,Error
16.2555650000,0xB2,,Error
16.2567100000,0x76,,Error
16.2578550000,0x76,,Error
16.2590000000,0x3A,,
16.2601400000,0x3E,,
16.2612850000,0x2E,,
16.2624300000,0x32,,
16.2635750000,0x2A,,
16.2647200000,0x1A,,
16.2658650000,0x3A,,
16.2670100000,0x3A,,
16.2681550000,0x16,,
16.2693000000,0xB6,,
16.2704450000,0x16,,
16.2715900000,0xE2,,Error
16.2727350000,0x06,,
16.2738800000,0x00,,Error
16.5125150000,0x98,,Error
16.5142850000,0x16,,
16.5154300000,0xF2,,
16.5165750000,0x16,,
16.5177200000,0xC6,,
16.5188650000,0x16,,
16.5200100000,0xE6,,
16.5211550000,0x16,,
16.5223000000,0xFA,,Error
16.5234450000,0xB2,,Error
16.5245900000,0x76,,Error
16.5257350000,0x76,,Error
16.5268800000,0x3A,,
16.5280200000,0x3A,,
16.5291650000,0x3A,,
16.5303100000,0x32,,
16.5314550000,0x2A,,
16.5326000000,0x1A,,
16.5337450000,0x3A,,
16.5348900000,0x3A,,
16.5360350000,0x16,,
16.5371800000,0xA6,,
16.5383250000,0x16,,
16.5394700000,0xE2,,Error
16.5406150000,0x06,,
16.5417600000,0x00,,Error
16.7804050000,0x98,,Error
16.7821700000,0x16,,
16.7833150000,0xF2,,
16.7844600000,0x16,,
16.7856050000,0xC6,,
16.7867500000,0x16,,
16.7878950000,0xE6,,
16.7890400000,0x16,,
16.7901850000,0xFA,,Error
16.7913300000,0xB2,,Error
16.7924750000,0x76,,Error
16.7936200000,0x76,,Error
16.7947650000,0x3A,,
16.7959100000,0x3A,,
16.7970550000,0x1A,,
16.7982000000,0x32,,
16.7993450000,0x2A,,
16.8004900000,0x1A,,
16.8016350000,0x3A,,
16.8027800000,0x3A,,
16.8039250000,0x16,,
16.8050700000,0x86,,
16.8062100000,0x16,,
16.8073550000,0xE2,,Error
16.8085000000,0x06,,
16.8096450000,0x00,,Error
17.0381000000,0x98,,Error
17.0398700000,0x16,,
17.0410150000,0xF2,,
17.0421600000,0x16,,
17.0433000000,0xC6,,
17.0444450000,0x16,,
17.0455900000,0xE6,,
17.0467350000,0x16,,
17.0478800000,0xFA,,Error
17.0490250000,0xB2,,Error
17.0501700000,0x76,,Error
17.0513150000,0x76,,Error
17.0524600000,0x3A,,
17.0536050000,0x36,,
17.0547500000,0x2A,,
17.0558950000,0x32,,
17.0570400000,0x2A,,
17.0581850000,0x1A,,
17.0593300000,0x3A,,
17.0604750000,0x3A,,
17.0616200000,0x16,,
17.0627650000,0xBA,,
17.0639100000,0x16,,
17.0650550000,0xE2,,Error
17.0662000000,0x06,,
17.0673450000,0x00,,Error
17.3060950000,0x98,,Error
17.3078650000,0x16,,
17.3090100000,0xF2,,
17.3101550000,0x16,,
17.3113000000,0xC6,,
17.3124450000,0x16,,
17.3135900000,0xE6,,
17.3147350000,0x16,,
17.3158800000,0xFA,,Error
17.3170250000,0xB2,,Error
17.3181700000,0x76,,Error
17.3193150000,0x76,,Error
17.3204600000,0x3A,,
17.3216000000,0x32,,
17.3227450000,0x32,,
17.3238900000,0x32,,
17.3250350000,0x2A,,
17.3261800000,0x1A,,
17.3273250000,0x3A,,
17.3284700000,0x3A,,
17.3296150000,0x16,,
17.3307600000,0xA6,,
17.3319050000,0x16,,
17.3330500000,0xE2,,Error
17.3341950000,0x06,,
17.3353400000,0x00,,Error
17.5740900000,0x98,,Error
17.5758600000,0x16,,
17.5770050000,0xF2,,
17.5781500000,0x16,,
17.5792950000,0xC6,,
17.5804400000,0x16,,
17.5815850000,0xE6,,
17.5827300000,0x16,,
17.5838750000,0xFA,,Error
17.5850200000,0xB2,,Error
17.5861650000,0x76,,Error
17.5873100000,0x76,,Error
17.5884550000,0x3A,,
17.5895950000,0x2E,,
17.5907400000,0x3E,,
17.5918850000,0x32,,
17.5930300000,0x2A,,
17.5941750000,0x1A,,
17.5953200000,0x3A,,
17.5964650000,0x3A,,
17.5976100000,0x16,,
17.5987550000,0xB6,,
17.5999000000,0x16,,
17.6010450000,0xE2,,Error
17.6021900000,0x06,,
17.6033350000,0x00,,Error
17.8419800000,0x98,,Error
17.8437450000,0x16,,
17.8448900000,0xF2,,
17.8460350000,0x16,,
17.8471800000,0xC6,,
17.8483250000,0x16,,
17.8494700000,0xE6,,
17.8506150000,0x16,,
17.8517600000,0xFA,,Error
17.8529050000,0xB2,,Error
17.8540500000,0x76,,Error
17.8551950000,0x76,,Error
17.8563400000,0x3A,,
17.8574850000,0x2E,,
17.8586300000,0x22,,
17.8597750000,0x32,,
17.8609200000,0x2A,,
17.8620650000,0x1A,,
17.8632100000,0x3A,,
17.8643550000,0x3A,,
17.8655000000,0x16,,
17.8666450000,0xAA,,
17.8677900000,0x16,,
17.8689350000,0xE2,,Error
17.8700750000,0x06,,
17.8712200000,0x00,,Error
18.1098600000,0x98,,Error
18.1116300000,0x16,,
18.1127750000,0xF2,,
18.1139200000,0x16,,
18.1150650000,0xC6,,
18.1162100000,0x16,,
18.1173550000,0xE6,,
18.1185000000,0x16,,
18.1196450000,0xFA,,Error
18.1207900000,0xB2,,Error
18.1219350000,0x76,,Error
18.1230800000,0x76,,Error
18.1242250000,0x3A,,
18.1253700000,0x2A,,
18.1265100000,0x2E,,
18.1276550000,0x32,,
18.1288000000,0x2A,,
18.1299450000,0x1A,,
18.1310900000,0x3A,,
18.1322350000,0x3A,,
18.1333800000,0x16,,
18.1345250000,0xA2,,
18.1356700000,0x16,,
18.1368150000,0xE2,,Error
18.1379600000,0x06,,
18.1391050000,0x00,,Error
18.3674500000,0x98,,Error
18.3692200000,0x16,,
18.3703650000,0xF2,,
18.3715100000,0x16,,
18.3726550000,0xC6,,
18.3738000000,0x16,,
18.3749450000,0xE6,,
18.3760900000,0x16,,
18.3772350000,0xFA,,Error
18.3783800000,0xB2,,Error
18.3795250000,0x76,,Error
18.3806700000,0x76,,Error
18.3818150000,0x3A,,
18.3829600000,0x26,,
18.3841050000,0x3A,,
18.3852450000,0x32,,
18.3863900000,0x2A,,
18.3875350000,0x1A,,
18.3886800000,0x3A,,
18.3898250000,0x3A,,
18.3909700000,0x16,,
18.3921150000,0xBA,,
18.3932600000,0x16,,
18.3944050000,0xE2,,Error
18.3955500000,0x06,,
18.3966950000,0x00,,Error
18.6354550000,0x98,,Error
18.6372250000,0x16,,
18.6383700000,0xF2,,
18.6395150000,0x16,,
18.6406600000,0xC6,,
18.6418050000,0x16,,
18.6429500000,0xE6,,
18.6440950000,0x16,,
18.6452400000,0xFA,,Error
18.6463850000,0xB2,,Error
18.6475300000,0x76,,Error
18.6486750000,0x76,,Error
18.6498200000,0x3A,,
18.6509650000,0x26,,
18.6521100000,0x1A,,
18.6532550000,0x32,,
18.6544000000,0x2A,,
18.6555450000,0x1A,,
18.6566900000,0x3A,,
18.6578350000,0x3A,,
18.6589800000,0x16,,
18.6601250000,0x9A,,
18.6612650000,0x16,,
18.6624100000,0xE2,,Error
18.6635550000,0x06,,
18.6647000000,0x00,,Error
18.9033650000,0x98,,Error
18.9051300000,0x16,,
18.9062750000,0xF2,,
18.9074200000,0x16,,
18.9085650000,0xC6,,
18.9097100000,0x16,,
18.9108550000,0xE6,,
18.9120000000,0x16,,
18.9131450000,0xFA,,Error
18.9142900000,0xB2,,Error
18.9154350000,0x76,,Error
18.9165800000,0x76,,Error
18.9177250000,0x3A,,
18.9188700000,0x22,,
18.9200150000,0x26,,
18.9211600000,0x32,,
18.9223050000,0x2A,,
18.9234500000,0x1A,,
18.9245950000,0x3A,,
18.9257400000,0x3A,,
18.9268850000,0x16,,
18.9280300000,0xA2,,
18.9291750000,0x16,,
18.9303200000,0xE2,,Error
18.9314650000,0x06,,
18.9326100000,0x00,,Error
19.1674250000,0x98,,Error
19.1691950000,0x16,,
19.1703400000,0xF2,,
19.1714850000,0x16,,
19.1726300000,0xC6,,
19.1737750000,0x16,,
19.1749200000,0xE6,,
19.1760650000,0x16,,
19.1772100000,0xFA,,Error
19.1783550000,0xB2,,Error
19.1794950000,0x76,,Error
19.1806400000,0x76,,Error
19.1817850000,0x3A,,
19.1829300000,0x1E,,
19.1840750000,0x3E,,
19.1852200000,0x32,,
19.1863650000,0x2A,,
19.1875100000,0x1A,,
19.1886550000,0x3A,,
19.1898000000,0x3A,,
19.1909450000,0x16,,
19.1920900000,0x86,,
19.1932350000,0x16,,
19.1943800000,0xE2,,Error
19.1955250000,0x06,,
19.1966700000,0x00,,Error
19.4390800000,0x98,,Error
19.4408500000,0x16,,
19.4419950000,0xF2,,
19.4431400000,0x16,,
19.4442850000,0xC6,,
19.4454300000,0x16,,
19.4465700000,0xE6,,
19.4477150000,0x16,,
19.4488600000,0xFA,,Error
19.4500050000,0xB2,,Error
19.4511500000,0x76,,Error
19.4522950000,0x76,,Error
19.4534400000,0x3A,,
19.4545850000,0x1E,,
19.4557300000,0x3E,,
19.4568750000,0x32,,
19.4580200000,0x2A,,
19.4591650000,0x1A,,
19.4603100000,0x3A,,
19.4614550000,0x3A,,
19.4626000000,0x16,,
19.4637450000,0x86,,
19.4648900000,0x16,,
19.4660350000,0xE2,,Error
19.4671800000,0x06,,
19.4683250000,0x00,,Error
19.5097500000,0x98,,Error
19.5115150000,0x16,,
19.5126600000,0xF2,,
19.5138050000,0x16,,
19.5149500000,0xC6,,
19.5160950000,0x16,,
19.5172400000,0xE6,,
19.5183850000,0x16,,
19.5195300000,0xFA,,Error
19.5206750000,0xB2,,Error
19.5218200000,0x76,,Error
19.5229650000,0x76,,Error
19.5241100000,0x3A,,
19.5252550000,0x1E,,
19.5264000000,0x3E,,
19.5275450000,0x32,,
19.5286900000,0x2A,,
19.5298350000,0x1A,,
19.5309800000,0x3A,,
19.5321250000,0x3A,,
19.5332700000,0x16,,
19.5344150000,0x86,,
19.5355600000,0x16,,
19.5367050000,0xE2,,Error
19.5378500000,0x06,,
19.5389950000,0x00,,Error
19.5808350000,0x98,,Error
19.5826050000,0x16,,
19.5837500000,0xF2,,
19.5848950000,0x16,,
19.5860400000,0xE2,,
19.5871850000,0x16,,
19.5883250000,0xE6,,
19.5894700000,0x16,,
19.5906150000,0xAE,,Error
19.5917600000,0xBE,,Error
19.5929050000,0x3E,,
19.5940500000,0x3A,,
19.5951950000,0x3E,,
19.5963400000,0x16,,
19.5974850000,0x26,,
19.5986300000,0x16,,
19.5997750000,0xE2,,Error
19.6009200000,0x06,,
19.6020650000,0x00,,Error
19.8394750000,0x98,,Error
19.8412450000,0x16,,
19.8423900000,0xF2,,
19.8435350000,0x16,,
19.8446800000,0xC6,,
19.8458250000,0x16,,
19.8469700000,0xE6,,
19.8481150000,0x16,,
19.8492600000,0xFA,,Error
19.8504050000,0xB2,,Error
19.8515500000,0x76,,Error
19.8526950000,0x76,,Error
19.8538400000,0x3A,,
19.8549850000,0x1E,,
19.8561250000,0x3E,,
19.8572700000,0x3E,,
19.8584150000,0x3E,,
19.8595600000,0x2E,,
19.8607050000,0x3A,,
19.8618500000,0x3A,,
19.8629950000,0x16,,
19.8641400000,0xAA,,
19.8652850000,0x16,,
19.8664300000,0xE2,,Error
19.8675750000,0x06,,
19.8687200000,0x00,,Error
20.1062400000,0x98,,Error
20.1080100000,0x16,,
20.1091550000,0xF2,,
20.1103000000,0x16,,
20.1114450000,0xC6,,
20.1125900000,0x16,,
20.1137350000,0xE6,,
20.1148750000,0x16,,
20.1160200000,0xFA,,Error
20.1171650000,0xB2,,Error
20.1183100000,0x76,,Error
20.1194550000,0x76,,Error
20.1206000000,0x3A,,
20.1217450000,0x1E,,
20.1228900000,0x3E,,
20.1240350000,0x3E,,
20.1251800000,0x3E,,
20.1263250000,0x1A,,
20.1274700000,0x3A,,
20.1286150000,0x3A,,
20.1297600000,0x16,,
20.1309050000,0x9E,,
20.1320500000,0x16,,
20.1331950000,0xE2,,Error
20.1343400000,0x06,,
20.1354850000,0x00,,Error
20.3780050000,0x98,,Error
20.3797750000,0x16,,
20.3809200000,0xF2,,
20.3820650000,0x16,,
20.3832100000,0xC6,,
20.3843550000,0x16,,
20.3855000000,0xE6,,
20.3866450000,0x16,,
20.3877900000,0xFA,,Error
20.3889350000,0xB2,,Error
20.3900800000,0x76,,Error
20.3912250000,0x76,,Error
20.3923700000,0x3A,,
20.3935100000,0x1E,,
20.3946550000,0x3E,,
20.3958000000,0x3E,,
20.3969450000,0x3E,,
20.3980900000,0x1A,,
20.3992350000,0x3A,,
20.4003800000,0x3A,,
20.4015250000,0x16,,
20.4026700000,0x9E,,
20.4038150000,0x16,,
20.4049600000,0xE2,,Error
20.4061050000,0x06,,
20.4072500000,0x00,,Error
20.5693100000,0x98,,Error
20.5710800000,0x16,,
20.5722250000,0xF2,,
20.5733700000,0x16,,
20.5745150000,0xCA,,
20.5756600000,0x16,,
20.5768050000,0xE6,,
20.5779500000,0x16,,
20.5790950000,0xB2,,Error
20.5802400000,0xAE,,Error
20.5813850000,0x9E,,
20.5825300000,0xFE,,
20.5836750000,0xFE,,
20.5848200000,0x3A,,
20.5859650000,0x1E,,
20.5871100000,0x3E,,
20.5882550000,0x3E,,
20.5894000000,0x3E,,
20.5905450000,0x1A,,
20.5916900000,0x16,,
20.5928350000,0xA6,,
20.5939800000,0x16,,
20.5951250000,0xE2,,Error
20.5962700000,0x06,,
20.5974150000,0x00,,Error
21.5839250000,0x98,,Error
21.5856950000,0x16,,
21.5868400000,0xF2,,
21.5879850000,0x16,,
21.5891300000,0xCA,,
21.5902750000,0x16,,
21.5914200000,0xE6,,
21.5925650000,0x16,,
21.5937100000,0xB2,,Error
21.5948550000,0xAE,,Error
21.5960000000,0x9E,,
21.5971450000,0xFE,,
21.5982900000,0xFE,,
21.5994350000,0x3A,,
21.6005800000,0x1E,,
21.6017250000,0x3E,,
21.6028700000,0x3E,,
21.6040150000,0x3E,,
21.6051600000,0x1A,,
21.6063050000,0x16,,
21.6074500000,0xA6,,
21.6085950000,0x16,,
21.6097400000,0xE2,,Error
21.6108850000,0x06,,
21.6120300000,0x00,,Error
22.5784650000,0x98,,Error
22.5802350000,0x16,,
22.5813800000,0xF2,,
22.5825250000,0x16,,
22.5836700000,0xCA,,
22.5848150000,0x16,,
22.5859600000,0xE6,,
22.5871050000,0x16,,
22.5882500000,0xB2,,Error
22.5893950000,0xAE,,Error
22.5905400000,0x9E,,
22.5916850000,0xFE,,
22.5928300000,0xFE,,
22.5939750000,0x3A,,
22.5951200000,0x1E,,
22.5962650000,0x3E,,
22.5974100000,0x3E,,
22.5985550000,0x3E,,
22.5996950000,0x1A,,
22.6008400000,0x16,,
22.6019850000,0xA6,,
22.6031300000,0x16,,
22.6042750000,0xE2,,Error
22.6054200000,0x06,,
22.6065650000,0x00,,Error
23.5931050000,0x98,,Error
23.5948700000,0x16,,
23.5960150000,0xF2,,
23.5971600000,0x16,,
23.5983050000,0xCA,,
23.5994500000,0x16,,
23.6005950000,0xE6,,
23.6017400000,0x16,,
23.6028850000,0xB2,,Error
23.6040300000,0xAE,,Error
23.6051750000,0x9E,,
23.6063200000,0xFE,,
23.6074650000,0xFE,,
23.6086100000,0x3A,,
23.6097550000,0x1E,,
23.6109000000,0x3E,,
23.6120450000,0x3E,,
23.6131900000,0x3E,,
23.6143350000,0x1A,,
23.6154800000,0x16,,
23.6166250000,0xA6,,
23.6177700000,0x16,,
23.6189150000,0xE2,,Error
23.6200600000,0x06,,
23.6212050000,0x00,,Error
24.6077450000,0x98,,Error
24.6095150000,0x16,,
24.6106600000,0xF2,,
24.6118050000,0x16,,
24.6129500000,0xCA,,
24.6140950000,0x16,,
24.6152400000,0xE6,,
24.6163850000,0x16,,
24.6175300000,0xB2,,Error
24.6186750000,0xAE,,Error
24.6198200000,0x9E,,
24.6209650000,0xFE,,
24.6221100000,0xFE,,
24.6232550000,0x3A,,
24.6243950000,0x1E,,
24.6255400000,0x3E,,
24.6266850000,0x3E,,
24.6278300000,0x3E,,
24.6289750000,0x1A,,
24.6301200000,0x16,,
24.6312650000,0xA6,,
24.6324100000,0x16,,
24.6335550000,0xE2,,Error
24.6347000000,0x06,,
24.6358450000,0x00,,Error
24.6973600000,0x98,,Error
24.6991300000,0x16,,
24.7002750000,0xF2,,
24.7014200000,0x16,,
24.7025650000,0xC6,,
24.7037100000,0x16,,
24.7048550000,0xE6,,
24.7060000000,0x16,,
24.7071450000,0xFA,,Error
24.7082900000,0xB2,,Error
24.7094350000,0x76,,Error
24.7105800000,0x76,,Error
24.7117250000,0x3A,,
24.7128700000,0x1E,,
24.7140150000,0x3E,,
24.7151600000,0x3E,,
24.7163050000,0x3E,,
24.7174500000,0x1A,,
24.7185950000,0x3A,,
24.7197400000,0x3A,,
24.7208850000,0x16,,
24.7220300000,0x9E,,
24.7231700000,0x16,,
24.7243150000,0xE2,,Error
24.7254600000,0x06,,
24.7266050000,0x00,,Error
24.7684500000,0x98,,Error
24.7702200000,0x16,,
24.7713650000,0xF2,,
24.7725100000,0x16,,
24.7736550000,0xE2,,
24.7748000000,0x16,,
24.7759450000,0xE6,,
24.7770900000,0x16,,
24.7782350000,0xBE,,Error
24.7793800000,0xBE,,Error
24.7805250000,0x3A,,
24.7816650000,0x1E,,
24.7828100000,0x3E,,
24.7839550000,0x16,,
24.7851000000,0x16,,
24.7862450000,0x16,,
24.7873900000,0xE2,,Error
24.7885350000,0x06,,
24.7896800000,0x00,,Error
25.0322000000,0x98,,Error
25.0339700000,0x16,,
25.0351150000,0xF2,,
25.0362600000,0x16,,
25.0374050000,0xC6,,
25.0385500000,0x16,,
25.0396950000,0xE6,,
25.0408400000,0x16,,
25.0419850000,0xFA,,Error
25.0431300000,0xB2,,Error
25.0442750000,0x76,,Error
25.0454200000,0x76,,Error
25.0465650000,0x3A,,
25.0477100000,0x1E,,
25.0488550000,0x3E,,
25.0500000000,0x3E,,
25.0511450000,0x3E,,
25.0522900000,0x1A,,
25.0534300000,0x3A,,
25.0545750000,0x3A,,
25.0557200000,0x16,,
25.0568650000,0x9E,,
25.0580100000,0x16,,
25.0591550000,0xE2,,Error
25.0603000000,0x06,,
25.0614450000,0x00,,Error
25.1229650000,0x98,,Error
25.1247300000,0x16,,
25.1258750000,0xF2,,
25.1270200000,0x16,,
25.1281650000,0xC6,,
25.1293100000,0x16,,
25.1304550000,0xE6,,
25.1316000000,0x16,,
25.1327450000,0xFA,,Error
25.1338900000,0xB2,,Error
25.1350350000,0x76,,Error
25.1361800000,0x76,,Error
25.1373250000,0x3A,,
25.1384700000,0x1E,,
25.1396150000,0x3E,,
25.1407600000,0x3E,,
25.1419050000,0x3E,,
25.1430500000,0x1A,,
25.1441950000,0x3A,,
25.1453400000,0x3A,,
25.1464850000,0x16,,
25.1476300000,0x9E,,
25.1487750000,0x16,,
25.1499200000,0xE2,,Error
25.1510650000,0x06,,
25.1522100000,0x00,,Error
25.2141400000,0x98,,Error
25.2159050000,0x16,,
25.2170500000,0xF2,,
25.2181950000,0x16,,
25.2193400000,0xE2,,
25.2204850000,0x16,,
25.2216300000,0xE6,,
25.2227750000,0x16,,
25.2239200000,0xAE,,Error
25.2250650000,0xBE,,Error
25.2262100000,0x3E,,
25.2273550000,0x3E,,
25.2285000000,0x3E,,
25.2296450000,0x16,,
25.2307900000,0x22,,
25.2319350000,0x16,,
25.2330800000,0xE2,,Error
25.2342250000,0x06,,
25.2353700000,0x00,,Error
25.4727900000,0x98,,Error
25.4745600000,0x16,,
25.4757050000,0xF2,,
25.4768500000,0x16,,
25.4779950000,0xC6,,
25.4791400000,0x16,,
25.4802850000,0xE6,,
25.4814300000,0x16,,
25.4825700000,0xFA,,Error
25.4837150000,0xB2,,Error
25.4848600000,0x76,,Error
25.4860050000,0x76,,Error
25.4871500000,0x3A,,
25.4882950000,0x1E,,
25.4894400000,0x3E,,
25.4905850000,0x3E,,
25.4917300000,0x3E,,
25.4928750000,0x2A,,
25.4940200000,0x3A,,
25.4951650000,0x3A,,
25.4963100000,0x16,,
25.4974550000,0xAE,,
25.4986000000,0x16,,
25.4997450000,0xE2,,Error
25.5008900000,0x06,,
25.5020350000,0x00,,Error
25.7493500000,0x98,,Error
25.7511150000,0x16,,
25.7522600000,0xF2,,
25.7534050000,0x16,,
25.7545500000,0xC6,,
25.7556950000,0x16,,
25.7568400000,0xE6,,
25.7579850000,0x16,,
25.7591300000,0xFA,,Error
25.7602750000,0xB2,,Error
25.7614200000,0x76,,Error
25.7625650000,0x76,,Error
25.7637100000,0x3A,,
25.7648550000,0x1E,,
25.7660000000,0x3E,,
25.7671450000,0x3E,,
25.7682900000,0x3E,,
25.7694350000,0x3E,,
25.7705800000,0x3A,,
25.7717250000,0x3A,,
25.7728700000,0x16,,
25.7740150000,0xBA,,
25.7751600000,0x16,,
25.7763050000,0xE2,,Error
25.7774500000,0x06,,
25.7785950000,0x00,,Error
26.0210150000,0x98,,Error
26.0227850000,0x16,,
26.0239300000,0xF2,,
26.0250750000,0x16,,
26.0262200000,0xC6,,
26.0273650000,0x16,,
26.0285100000,0xE6,,
26.0296550000,0x16,,
26.0308000000,0xFA,,Error
26.0319450000,0xB2,,Error
26.0330900000,0x76,,Error
26.0342350000,0x76,,Error
26.0353800000,0x3A,,
26.0365250000,0x1E,,
26.0376700000,0x3E,,
26.0388150000,0x3E,,
26.0399600000,0x3E,,
26.0411050000,0x3E,,
26.0422500000,0x3A,,
26.0433950000,0x3A,,
26.0445400000,0x16,,
26.0456850000,0xBA,,
26.0468300000,0x16,,
26.0479750000,0xE2,,Error
26.0491200000,0x06,,
26.0502650000,0x00,,Error
26.6145250000,0x98,,Error
26.6162950000,0x16,,
26.6174400000,0xF2,,
26.6185800000,0x16,,
26.6197250000,0xCA,,
26.6208700000,0x16,,
26.6220150000,0xE6,,
26.6231600000,0x16,,
26.6243050000,0xB2,,Error
26.6254500000,0xAE,,Error
26.6265950000,0x9E,,
26.6277400000,0xFE,,
26.6288850000,0xFE,,
26.6300300000,0x3A,,
26.6311750000,0x1E,,
26.6323200000,0x3E,,
26.6334650000,0x3E,,
26.6346100000,0x3E,,
26.6357550000,0x3E,,
26.6369000000,0x16,,
26.6380450000,0x82,,
26.6391900000,0x16,,
26.6403350000,0xE2,,Error
26.6414800000,0x06,,
26.6426250000,0x00,,Error
27.6090900000,0x98,,Error
27.6108600000,0x16,,
27.6120050000,0xF2,,
27.6131500000,0x16,,
27.6142950000,0xCA,,
27.6154400000,0x16,,
27.6165850000,0xE6,,
27.6177300000,0x16,,
27.6188750000,0xB2,,Error
27.6200200000,0xAE,,Error
27.6211650000,0x9E,,
27.6223100000,0xFE,,
27.6234550000,0xFE,,
27.6246000000,0x3A,,
27.6257450000,0x1E,,
27.6268900000,0x3E,,
27.6280350000,0x3E,,
27.6291800000,0x3E,,
27.6303250000,0x3E,,
27.6314700000,0x16,,
27.6326150000,0x82,,
27.6337600000,0x16,,
27.6349050000,0xE2,,Error
27.6360500000,0x06,,
27.6371950000,0x00,,Error
28.6237400000,0x98,,Error
28.6255100000,0x16,,
28.6266550000,0xF2,,
28.6278000000,0x16,,
28.6289450000,0xCA,,
28.6300900000,0x16,,
28.6312350000,0xE6,,
28.6323800000,0x16,,
28.6335250000,0xB2,,Error
28.6346700000,0xAE,,Error
28.6358150000,0x9E,,
28.6369600000,0xFE,,
28.6381050000,0xFE,,
28.6392500000,0x3A,,
28.6403950000,0x1E,,
28.6415400000,0x3E,,
28.6426850000,0x3E,,
28.6438300000,0x3E,,
28.6449750000,0x3E,,
28.6461200000,0x16,,
28.6472650000,0x82,,
28.6484100000,0x16,,
28.6495550000,0xE2,,Error
28.6507000000,0x06,,
28.6518450000,0x00,,Error
29.6183100000,0x98,,Error
29.6200800000,0x16,,
29.6212250000,0xF2,,
29.6223700000,0x16,,
29.6235150000,0xCA,,
29.6246600000,0x16,,
29.6258050000,0xE6,,
29.6269500000,0x16,,
29.6280950000,0xB2,,Error
29.6292400000,0xAE,,Error
29.6303850000,0x9E,,
29.6315300000,0xFE,,
29.6326750000,0xFE,,
29.6338200000,0x3A,,
29.6349650000,0x1E,,
29.6361100000,0x3E,,
29.6372550000,0x3E,,
29.6384000000,0x3E,,
29.6395450000,0x3E,,
29.6406900000,0x16,,
29.6418350000,0x82,,
29.6429800000,0x16,,
29.6441250000,0xE2,,Error
29.6452700000,0x06,,
29.6464150000,0x00,,Error
30.5526150000,0x98,,Error
30.5543850000,0x16,,
30.5555300000,0xF2,,
30.5566750000,0x16,,
30.5578200000,0xC6,,
30.5589650000,0x16,,
30.5601100000,0xE6,,
30.5612550000,0x16,,
30.5624000000,0xFA,,Error
30.5635450000,0xB2,,Error
30.5646900000,0x76,,Error
30.5658350000,0x76,,Error
30.5669800000,0x3A,,
30.5681250000,0x1E,,
30.5692700000,0x3E,,
30.5704150000,0x3E,,
30.5715600000,0x3E,,
30.5727050000,0x3E,,
30.5738500000,0x3A,,
30.5749950000,0x3A,,
30.5761400000,0x16,,
30.5772850000,0xBA,,
30.5784300000,0x16,,
30.5795750000,0xE2,,Error
30.5807200000,0x06,,
30.5818650000,0x00,,Error
30.6437950000,0x98,,Error
30.6455650000,0x16,,
30.6467100000,0xF2,,
30.6478550000,0x16,,
30.6490000000,0xE2,,
30.6501450000,0x16,,
30.6512900000,0xE6,,
30.6524350000,0x16,,
30.6535800000,0xBE,,Error
30.6547250000,0xBE,,Error
30.6558700000,0x3A,,
30.6570150000,0x1E,,
30.6581600000,0x3E,,
30.6593000000,0x16,,
30.6604450000,0x16,,
30.6615900000,0x16,,
30.6627350000,0xE2,,Error
30.6638800000,0x06,,
30.6650250000,0x00,,Error
30.9075450000,0x98,,Error
30.9093150000,0x16,,
30.9104600000,0xF2,,
30.9116050000,0x16,,
30.9127500000,0xC6,,
30.9138950000,0x16,,
30.9150400000,0xE6,,
30.9161850000,0x16,,
30.9173300000,0xFA,,Error
30.9184750000,0xB2,,Error
30.9196200000,0x76,,Error
30.9207650000,0x76,,Error
30.9219050000,0x3A,,
30.9230500000,0x1E,,
30.9241950000,0x3E,,
30.9253400000,0x3E,,
30.9264850000,0x3E,,
30.9276300000,0x3E,,
30.9287750000,0x3A,,
30.9299200000,0x3A,,
30.9310650000,0x16,,
30.9322100000,0xBA,,
30.9333550000,0x16,,
30.9345000000,0xE2,,Error
30.9356450000,0x06,,
30.9367900000,0x00,,Error
30.9983050000,0x98,,Error
31.0000750000,0x16,,
31.0012200000,0xF2,,
31.0023650000,0x16,,
31.0035100000,0xC6,,
31.0046550000,0x16,,
31.0058000000,0xE6,,
31.0069450000,0x16,,
31.0080900000,0xFA,,Error
31.0092350000,0xB2,,Error
31.0103800000,0x76,,Error
31.0115250000,0x76,,Error
31.0126700000,0x3A,,
31.0138150000,0x1E,,
31.0149600000,0x3E,,
31.0161050000,0x3E,,
31.0172500000,0x3E,,
31.0183950000,0x3E,,
31.0195400000,0x3A,,
31.0206800000,0x3A,,
31.0218250000,0x16,,
31.0229700000,0xBA,,
31.0241150000,0x16,,
31.0252600000,0xE2,,Error
31.0264050000,0x06,,
31.0275500000,0x00,,Error
31.0693950000,0x98,,Error
31.0711650000,0x16,,
31.0723100000,0xF2,,
31.0734550000,0x16,,
31.0746000000,0xE2,,
31.0757450000,0x16,,
31.0768900000,0xE6,,
31.0780350000,0x16,,
31.0791800000,0xAE,,Error
31.0803250000,0xBE,,Error
31.0814700000,0x3E,,
31.0826100000,0x3A,,
31.0837550000,0x3E,,
31.0849000000,0x16,,
31.0860450000,0x26,,
31.0871900000,0x16,,
31.0883350000,0xE2,,Error
31.0894800000,0x06,,
31.0906250000,0x00,,Error
31.3280450000,0x98,,Error
31.3298150000,0x16,,
31.3309600000,0xF2,,
31.3321050000,0x16,,
31.3332500000,0xC6,,
31.3343950000,0x16,,
31.3355400000,0xE6,,
31.3366800000,0x16,,
31.3378250000,0xFA,,Error
31.3389700000,0xB2,,Error
31.3401150000,0x76,,Error
31.3412600000,0x76,,Error
31.3424050000,0x3A,,
31.3435500000,0x1E,,
31.3446950000,0x3E,,
31.3458400000,0x3E,,
31.3469850000,0x3E,,
31.3481300000,0x2E,,
31.3492750000,0x3A,,
31.3504200000,0x3A,,
31.3515650000,0x16,,
31.3527100000,0xAA,,
31.3538550000,0x16,,
31.3550000000,0xE2,,Error
31.3561450000,0x06,,
31.3572900000,0x00,,Error
31.6046000000,0x98,,Error
31.6063650000,0x16,,
31.6075100000,0xF2,,
31.6086550000,0x16,,
31.6098000000,0xC6,,
31.6109450000,0x16,,
31.6120900000,0xE6,,
31.6132350000,0x16,,
31.6143800000,0xFA,,Error
31.6155250000,0xB2,,Error
31.6166700000,0x76,,Error
31.6178150000,0x76,,Error
31.6189600000,0x3A,,
31.6201050000,0x1E,,
31.6212500000,0x3E,,
31.6223950000,0x3E,,
31.6235400000,0x3E,,
31.6246850000,0x1A,,
31.6258300000,0x3A,,
31.6269750000,0x3A,,
31.6281200000,0x16,,
31.6292650000,0x9E,,
31.6304100000,0x16,,
31.6315550000,0xE2,,Error
31.6327000000,0x06,,
31.6338450000,0x00,,Error
31.8762700000,0x98,,Error
31.8780350000,0x16,,
31.8791800000,0xF2,,
31.8803250000,0x16,,
31.8814700000,0xC6,,
31.8826150000,0x16,,
31.8837600000,0xE6,,
31.8849050000,0x16,,
31.8860500000,0xFA,,Error
31.8871950000,0xB2,,Error
31.8883400000,0x76,,Error
31.8894850000,0x76,,Error
31.8906300000,0x3A,,
31.8917750000,0x1E,,
31.8929200000,0x3E,,
31.8940650000,0x3E,,
31.8952100000,0x3E,,
31.8963550000,0x1A,,
31.8975000000,0x3A,,
31.8986450000,0x3A,,
31.8997900000,0x16,,
31.9009350000,0x9E,,
31.9020800000,0x16,,
31.9032250000,0xE2,,Error
31.9043700000,0x06,,
31.9055150000,0x00,,Error
32.6507000000,0x98,,Error
32.6524700000,0x16,,
32.6536150000,0xF2,,
32.6547600000,0x16,,
32.6559050000,0xCA,,
32.6570500000,0x16,,
32.6581950000,0xE6,,
32.6593400000,0x16,,
32.6604850000,0xB2,,Error
32.6616300000,0xAE,,Error
32.6627750000,0x9E,,
32.6639200000,0xFE,,
32.6650650000,0xFE,,
32.6662100000,0x3A,,
32.6673550000,0x1E,,
32.6685000000,0x3E,,
32.6696450000,0x3E,,
32.6707900000,0x3E,,
32.6719350000,0x1A,,
32.6730800000,0x16,,
32.6742250000,0xA6,,
32.6753700000,0x16,,
32.6765150000,0xE2,,Error
32.6776600000,0x06,,
32.6788050000,0x00,,Error
33.6452950000,0x98,,Error
33.6470650000,0x16,,
33.6482100000,0xF2,,
33.6493550000,0x16,,
33.6505000000,0xCA,,
33.6516450000,0x16,,
33.6527900000,0xE6,,
33.6539350000,0x16,,
33.6550800000,0xB2,,Error
33.6562250000,0xAE,,Error
33.6573700000,0x9E,,
33.6585150000,0xFE,,
33.6596600000,0xFE,,
33.6608050000,0x3A,,
33.6619500000,0x1E,,
33.6630950000,0x3E,,
33.6642400000,0x3E,,
33.6653850000,0x3E,,
33.6665300000,0x1A,,
33.6676750000,0x16,,
33.6688200000,0xA6,,
33.6699650000,0x16,,
33.6711100000,0xE2,,Error
33.6722550000,0x06,,
33.6734000000,0x00,,Error
34.6599550000,0x98,,Error
34.6617250000,0x16,,
34.6628700000,0xF2,,
34.6640150000,0x16,,
34.6651600000,0xCA,,
34.6663050000,0x16,,
34.6674500000,0xE6,,
34.6685950000,0x16,,
34.6697400000,0xB2,,Error
34.6708850000,0xAE,,Error
34.6720300000,0x9E,,
34.6731750000,0xFE,,
34.6743200000,0xFE,,
34.6754650000,0x3A,,
34.6766100000,0x1E,,
34.6777550000,0x3E,,
34.6789000000,0x3E,,
34.6800450000,0x3E,,
34.6811900000,0x1A,,
34.6823350000,0x16,,
34.6834800000,0xA6,,
34.6846250000,0x16,,
34.6857700000,0xE2,,Error
34.6869150000,0x06,,
34.6880600000,0x00,,Error
35.6746200000,0x98,,Error
35.6763900000,0x16,,
35.6775300000,0xF2,,
35.6786750000,0x16,,
35.6798200000,0xCA,,
35.6809650000,0x16,,
35.6821100000,0xE6,,
35.6832550000,0x16,,
35.6844000000,0xB2,,Error
35.6855450000,0xAE,,Error
35.6866900000,0x9E,,
35.6878350000,0xFE,,
35.6889800000,0xFE,,
35.6901250000,0x3A,,
35.6912700000,0x1E,,
35.6924150000,0x3E,,
35.6935600000,0x3E,,
35.6947050000,0x3E,,
35.6958500000,0x1A,,
35.6969950000,0x16,,
35.6981400000,0xA6,,
35.6992850000,0x16,,
35.7004300000,0xE2,,Error
35.7015750000,0x06,,
35.7027200000,0x00,,Error
36.6892800000,0x98,,Error
36.6910500000,0x16,,
36.6921950000,0xF2,,
36.6933400000,0x16,,
36.6944800000,0xCA,,
36.6956250000,0x16,,
36.6967700000,0xE6,,
36.6979150000,0x16,,
36.6990600000,0xB2,,Error
36.7002050000,0xAE,,Error
36.7013500000,0x9E,,
36.7024950000,0xFE,,
36.7036400000,0xFE,,
36.7047850000,0x3A,,
36.7059300000,0x1E,,
36.7070750000,0x3E,,
36.7082200000,0x3E,,
36.7093650000,0x3E,,
36.7105100000,0x1A,,
36.7116550000,0x16,,
36.7128000000,0xA6,,
36.7139450000,0x16,,
36.7150900000,0xE2,,Error
36.7162350000,0x06,,
36.7173800000,0x00,,Error
37.6838550000,0x98,,Error
37.6856250000,0x16,,
37.6867700000,0xF2,,
37.6879150000,0x16,,
37.6890600000,0xCA,,
37.6902050000,0x16,,
37.6913500000,0xE6,,
37.6924950000,0x16,,
37.6936400000,0xB2,,Error
37.6947850000,0xAE,,Error
37.6959300000,0x9E,,
37.6970750000,0xFE,,
37.6982200000,0xFE,,
37.6993650000,0x3A,,
37.7005100000,0x1E,,
37.7016550000,0x3E,,
37.7028000000,0x3E,,
37.7039450000,0x3E,,
37.7050900000,0x1A,,
37.7062350000,0x16,,
37.7073800000,0xA6,,
37.7085250000,0x16,,
37.7096700000,0xE2,,Error
37.7108150000,0x06,,
37.7119600000,0x00,,Error
38.6985250000,0x98,,Error
38.7002900000,0x16,,
38.7014350000,0xF2,,
38.7025800000,0x16,,
38.7037250000,0xCA,,
38.7048700000,0x16,,
38.7060150000,0xE6,,
38.7071600000,0x16,,
38.7083050000,0xB2,,Error
38.7094500000,0xAE,,Error
38.7105950000,0x9E,,
38.7117400000,0xFE,,
38.7128850000,0xFE,,
38.7140300000,0x3A,,
38.7151750000,0x1E,,
38.7163200000,0x3E,,
38.7174650000,0x3E,,
38.7186100000,0x3E,,
38.7197550000,0x1A,,
38.7209000000,0x16,,
38.7220450000,0xA6,,
38.7231900000,0x16,,
38.7243350000,0xE2,,Error
38.7254800000,0x06,,
38.7266250000,0x00,,Error
39.7132100000,0x98,,Error
39.7149750000,0x16,,
39.7161200000,0xF2,,
39.7172650000,0x16,,
39.7184100000,0xCA,,
39.7195550000,0x16,,
39.7207000000,0xE6,,
39.7218450000,0x16,,
39.7229900000,0xB2,,Error
39.7241350000,0xAE,,Error
39.7252800000,0x9E,,
39.7264250000,0xFE,,
39.7275700000,0xFE,,
39.7287150000,0x3A,,
39.7298600000,0x1E,,
39.7310050000,0x3E,,
39.7321500000,0x3E,,
39.7332950000,0x3E,,
39.7344400000,0x1A,,
39.7355850000,0x16,,
39.7367300000,0xA6,,
39.7378750000,0x16,,
39.7390200000,0xE2,,Error
39.7401650000,0x06,,
39.7413100000,0x00,,Error
40.7078050000,0x98,,Error
40.7095750000,0x16,,
40.7107200000,0xF2,,
40.7118650000,0x16,,
40.7130100000,0xCA,,
40.7141550000,0x16,,
40.7153000000,0xE6,,
40.7164450000,0x16,,
40.7175900000,0xB2,,Error
40.7187350000,0xAE,,Error
40.7198800000,0x9E,,
40.7210250000,0xFE,,
40.7221700000,0xFE,,
40.7233150000,0x3A,,
40.7244600000,0x1E,,
40.7256050000,0x3E,,
40.7267500000,0x3E,,
40.7278950000,0x3E,,
40.7290400000,0x1A,,
40.7301850000,0x16,,
40.7313300000,0xA6,,
40.7324750000,0x16,,
40.7336200000,0xE2,,Error
40.7347650000,0x06,,
40.7359100000,0x00,,Error
